text,label,original_id,language,content_type,ai_model
Spent the entire weekend chasing a bug that turned out to be a single missing comma in a docker-compose file. YAML is honestly a cursed configuration format. Indentation errors silently failing in CI and passing locally because of different tab settings. I swear next project I'm writing raw bash scripts instead.,human,human_dev_yaml_bug,english,technical,
"Sir good morning, send ko lang po yung updated slides para sa presentation mamaya. May binago lang ako dun sa slide 4 regarding sa budget estimates kasi medyo bloated yung previous numbers. Pa-check na lang po if ok na sa inyo bago yung meeting. Thanks!",human,human_workplace_slides,taglish,workplace,
"In our lab trials last week, we noticed that the enzyme activity plummeted as soon as the pH dipped below 6.2, which contradicted what the Smith paper reported. We repeated the assay three times with fresh reagents and got the same drop-off every single time. Our working hypothesis is that their buffer formulation had trace stabilizers that kept the binding pocket intact.",human,human_lab_enzyme,english,academic,
reminder lang guys to please pull the latest dev branch before creating any feature branches today. someone accidentally merged broken migrations kagabi kaya nage-error yung local postgres container pag nag-migrate kayo. na-patch na ni Mark sa PR #142 so git pull muna bago mag-code thanks!,human,human_workplace_git_pull,taglish,workplace,
"So after profiling the Node backend under load with autocannon, turns out our memory leak wasn't coming from the WebSocket connections at all. It was an unhandled EventEmitter listener leak in the logging middleware that was retaining request context objects in heap forever. One line fix: added a cleanup listener on socket close.",human,human_dev_eventemitter_leak,english,technical,
"Hi ma'am, just wanted to clarify regarding the scope of work for the inventory module. Are we supposed to include the barcode scanner hardware integration in this sprint or will that be pushed to Phase 2? Asking so our backend team can finalize the API contract today. Salamat po!",human,human_workplace_scope_clarification,taglish,workplace,
Our oscilloscope readings on pin 4 were showing weird 50mV ripples whenever the stepper motor engaged. Turned out we forgot to tie the analog ground and digital ground together through a star grounding point on the PCB layout. Soldered a quick bodge wire on the prototype and the ADC signal cleaned right up.,human,human_hardware_grounding_bodge,english,technical,
guys pa-check naman nung PR ko sa auth-service repo when you have time. added rate limiting and refresh token rotation based sa suggestions ni tech lead nung retro. all unit tests passing na sa github actions workflow.,human,human_workplace_pr_review,taglish,workplace,
"I've been writing Rust for 6 months now and while the borrow checker made me want to smash my keyboard during week one, the confidence you feel deploying a binary to production without worrying about null pointer dereferences or data races is unmatched. C++ feels scary to go back to now.",human,human_dev_rust_reflection,english,technical,
"Bossing, na-submit ko na po yung revised proposal and budget breakdown sa client portal kaninang 11 AM. Sinama ko na rin po yung requested warranty clauses at SLA guarantees na pinabago ni Atty kahapon. Will keep you posted once mag-acknowledge sila.",human,human_workplace_proposal_submit,taglish,workplace,
Tried running our PyTorch training loop on the local workstation and hit a CUDA out of memory error on epoch 1 batch 4. Dropping the batch size from 16 to 8 and enabling gradient accumulation steps of 2 completely solved it with virtually zero throughput loss. Always profile your VRAM before renting cloud GPUs.,human,human_dev_pytorch_oom,english,technical,
"Sir, heads up lang po na absent ako bukas ng umaga kasi may appointment ako sa DFA para sa passport renewal. Naka-assign na po kay John yung open tickets ko sa JIRA and magla-log in na lang po ako around 1 PM. Salamat po sa understanding!",human,human_workplace_dfa_leave,taglish,workplace,
"Araw-araw 3 hours ang biyahe ko mula Fairview hanggang Makati. Pagod ka na sa pila, pagod ka pa sa trabaho. Maganda naman yung modernization program sa papel, pero paano naman yung mga ordinaryong tsuper na hindi kayang bayaran yung milyong halaga ng modern jeep? Dapat may sapat na subsidy at maayos na ruta bago ipatupad nang biglaan.",human,human_commute_fairview,taglish,essay,
"Used to take the 5:30 AM train every morning when I worked graveyard shift in Ortigas. The platform was always freezing cold, with everyone clutching their styrofoam coffee cups like lifelines. You never really talked to anyone, but after a few months you started recognizing the same exhausted faces at the exact same car door. There's something comforting about shared misery in the dark.",human,human_commute_ortigas,english,essay,
"Dito sa amin sa Pangasinan, ramdam na ramdam ng mga magsasaka ang epekto ng pabago-bagong panahon. Kailan lang, nalubog sa baha ang mga bagong tanim na palay dahil sa sunod-sunod na bagyo. Kapag nasisira ang ani, baon agad sa utang ang pamilya para lang pambili ng binhi at pataba sa susunod na taniman. Hindi lang ito usapin sa balita kundi mismong pagkain sa hapag-kainan ng bawat Pilipino.",human,human_pangasinan_farming,tagalog,essay,
